Policy Type,Gender,Age,Education,Marital Status,Kids,Household Income,House Type,House Age,Owner Status,Borough
FirstResponseProtection,Male,0_4yrs,none,Married,Single_noKids,less5K,house,before_1960,owner,Ahuntsic-Cartierville
FireProtection,Female,5_9yrs,highschool,commonLaw,Couples_nokids,5K_10K,apartment_buildingPlus5floors,1961_1980,renter,Anjou
null,null,10_14yrs,postSecondary,notMarried_notCommonLaw,Couples_1kid,10K_15K,other,1981_1990,null,Cote-des-Neiges_Notre-Dame-de-Grace
null,null,15_19yrs,college,neverMarried,Couples_2kids,15K_20K,twinHouse,1991_2000,null,Lachine
null,null,20_24yrs,university,separated,Couples_3kidsPlus,20K_25K,attached,2001_2005,null,LaSalle
null,null,25_29yrs,university_Bac,divorced,singleParentHouseholds_1kid,25K_30K,duplex,2006_2010,null,Plateau-Mont-Royal
null,null,30_34yrs,university_postgraduate,widow,singleParentHouseholds_2kids,30K_35K,apartment_buildingLess5floors,2011_2016,null,Sud-Ouest
null,null,35_39yrs,university_medicine,null,singleParentHouseholds_3kidsPlus,35K_40K,mobileHome,null,null,ile-Bizard_Sainte-Genevieve
null,null,40_44yrs,university_masters,null,null,40K_45K,null,null,null,Mercier-Hochelaga-Maisonneuve
null,null,45_49yrs,university_doctoral,null,null,45K_50K,null,null,null,Montreal-Nord
null,null,50_54yrs,null,null,null,50K_60K,null,null,null,Outremont
null,null,55_59yrs,null,null,null,60K_70K,null,null,null,Pierrefonds-Roxboro
null,null,60_64yrs,null,null,null,70K_80K,null,null,null,Riviere-des-Prairies_Pointe-aux-Trembles
null,null,65_69yrs,null,null,null,80K_90K,null,null,null,Rosemont_Petite-Patrie
null,null,70_74yrs,null,null,null,90K_100K,null,null,null,Saint-Laurent
null,null,75_79yrs,null,null,null,100KPlus,null,null,null,Saint-Leonard
null,null,80_84yrs,null,null,null,100K_125K,null,null,null,Verdun
null,null,85_89yrs,null,null,null,125K_150K,null,null,null,Ville-Marie
null,null,90_94yrs,null,null,null,150K_200K,null,null,null,Villeray_Saint-Michel_Parc-Extension
null,null,95_99yrs,null,null,null,null,null,null,null,null
null,null,100yrs_over,null,null,null,null,null,null,null,null